FlowCell,SeqType,Tissue,SampleID,IndexCode1,IndexSeq1,IndexCode2,IndexSeq2
AA31J,16S,ST,69-023-01,D705,ATTCAGAA,D501,TATAGCCT
AA31J,16S,ST,69-023-1011,D704,GAGATTCC,D508,GTACTGAC
AA31J,16S,ST,69-023-1012,D704,GAGATTCC,D507,CAGGACGT
AA31J,16S,ST,69-023-1013,D704,GAGATTCC,D506,TAATCTTA
AA31J,16S,ST,69-023-1014,D704,GAGATTCC,D505,AGGCGAAG
AA31J,16S,ST,69-023-1015,D704,GAGATTCC,D504,GGCTCTGA
AA31J,16S,ST,69-023-1015X,D710,TCCGCGAA,D502,ATAGAGGC
AA31J,16S,ST,69-027-01,D712,AGCGATAG,D508,GTACTGAC
AA31J,16S,ST,69-027-02,D712,AGCGATAG,D507,CAGGACGT
AA31J,16S,ST,69-027-03,D712,AGCGATAG,D506,TAATCTTA
AA31J,16S,ST,69-031-01,D704,GAGATTCC,D503,CCTATCCT
AA31J,16S,ST,69-031-02,D704,GAGATTCC,D502,ATAGAGGC
AA31J,16S,ST,69-031-1013,D704,GAGATTCC,D501,TATAGCCT
AA31J,16S,ST,69-031-1014,D706,GAATTCGT,D502,ATAGAGGC
AA31J,16S,ST,69-032-01,D712,AGCGATAG,D505,AGGCGAAG
AA31J,16S,ST,69-032-02,D712,AGCGATAG,D504,GGCTCTGA
AA31J,16S,ST,69-032-03,D712,AGCGATAG,D503,CCTATCCT
AA31J,16S,ST,69-032-04,D712,AGCGATAG,D502,ATAGAGGC
AA31J,16S,ST,69-033-01,D710,TCCGCGAA,D508,GTACTGAC
AA31J,16S,ST,69-033-02,D710,TCCGCGAA,D507,CAGGACGT
AA31J,16S,ST,69-033-03,D710,TCCGCGAA,D506,TAATCTTA
AA31J,16S,ST,69-035-01,D712,AGCGATAG,D501,TATAGCCT
AA31J,16S,ST,69-035-02,D711,TCTCGCGC,D508,GTACTGAC
AA31J,16S,ST,69-035-04,D711,TCTCGCGC,D507,CAGGACGT
AA31J,16S,ST,69-036-01,D706,GAATTCGT,D501,TATAGCCT
AA31J,16S,ST,69-036-01X,D709,CGGCTATG,D508,GTACTGAC
AA31J,16S,ST,69-036-04,D705,ATTCAGAA,D508,GTACTGAC
AA31J,16S,ST,69-036-1011,D705,ATTCAGAA,D507,CAGGACGT
AA31J,16S,ST,69-036-1013,D705,ATTCAGAA,D506,TAATCTTA
AA31J,16S,ST,69-036-1015,D705,ATTCAGAA,D505,AGGCGAAG
AA31J,16S,ST,69-037-01,D705,ATTCAGAA,D504,GGCTCTGA
AA31J,16S,ST,69-037-1013,D705,ATTCAGAA,D503,CCTATCCT
AA31J,16S,ST,69-039-01,D705,ATTCAGAA,D502,ATAGAGGC
AA31J,16S,ST,69-039-03,D707,CTGAAGCT,D501,TATAGCCT
AA31J,16S,ST,69-039-1011,D706,GAATTCGT,D508,GTACTGAC
AA31J,16S,ST,69-1005-05X,D710,TCCGCGAA,D501,TATAGCCT
AA31J,16S,ST,70-1004-05,D706,GAATTCGT,D507,CAGGACGT
AA31J,16S,ST,70-1004-07,D706,GAATTCGT,D506,TAATCTTA
AA31J,16S,ST,70-1004-1012,D706,GAATTCGT,D505,AGGCGAAG
AA31J,16S,ST,70-1004-1013,D706,GAATTCGT,D504,GGCTCTGA
AA31J,16S,ST,70-1004-1014,D706,GAATTCGT,D503,CCTATCCT
AA31J,16S,ST,70-1005-03,D709,CGGCTATG,D507,CAGGACGT
AA31J,16S,ST,70-1005-04,D709,CGGCTATG,D506,TAATCTTA
AA31J,16S,ST,70-1005-05,D709,CGGCTATG,D505,AGGCGAAG
AA31J,16S,ST,70-1005-06,D709,CGGCTATG,D504,GGCTCTGA
AA31J,16S,ST,70-1005-1012,D709,CGGCTATG,D503,CCTATCCT
AA31J,16S,ST,70-1005-1013,D709,CGGCTATG,D502,ATAGAGGC
AA31J,16S,ST,70-1008-01,D709,CGGCTATG,D501,TATAGCCT
AA31J,16S,ST,70-1008-02,D708,TAATGCGC,D508,GTACTGAC
AA31J,16S,ST,70-1008-03,D708,TAATGCGC,D507,CAGGACGT
AA31J,16S,ST,70-1008-04,D708,TAATGCGC,D506,TAATCTTA
AA31J,16S,ST,70-1008-06,D708,TAATGCGC,D505,AGGCGAAG
AA31J,16S,ST,70-1008-1012,D708,TAATGCGC,D504,GGCTCTGA
AA31J,16S,ST,70-1008-1013,D708,TAATGCGC,D503,CCTATCCT
AA31J,16S,ST,70-1008-1014,D708,TAATGCGC,D502,ATAGAGGC
AA31J,16S,ST,70-1008-1015,D708,TAATGCGC,D501,TATAGCCT
AA31J,16S,ST,70-1010-01,D711,TCTCGCGC,D506,TAATCTTA
AA31J,16S,ST,70-1010-02,D711,TCTCGCGC,D505,AGGCGAAG
AA31J,16S,ST,70-1010-04,D711,TCTCGCGC,D504,GGCTCTGA
AA31J,16S,ST,70-1011-02,D711,TCTCGCGC,D503,CCTATCCT
AA31J,16S,ST,70-1011-03,D711,TCTCGCGC,D502,ATAGAGGC
AA31J,16S,ST,70-1011-04,D711,TCTCGCGC,D501,TATAGCCT
AA31J,16S,ST,70-1012-01,D707,CTGAAGCT,D508,GTACTGAC
AA31J,16S,ST,70-1012-02,D707,CTGAAGCT,D507,CAGGACGT
AA31J,16S,ST,70-1012-03,D707,CTGAAGCT,D506,TAATCTTA
AA31J,16S,ST,70-1012-05,D707,CTGAAGCT,D505,AGGCGAAG
AA31J,16S,ST,70-1012-2001,D707,CTGAAGCT,D504,GGCTCTGA
AA31J,16S,ST,70-1012-2002,D707,CTGAAGCT,D503,CCTATCCT
AA31J,16S,ST,70-1012-2013,D707,CTGAAGCT,D502,ATAGAGGC
AA31J,16S,ST,70-1015-01,D710,TCCGCGAA,D505,AGGCGAAG
AA31J,16S,ST,70-1015-02,D710,TCCGCGAA,D504,GGCTCTGA
AA31J,16S,ST,70-1015-04,D710,TCCGCGAA,D503,CCTATCCT
AAH7B,16S,NP,44N,D708,TAATGCGC,D505,AGGCGAAG
AAH7B,16S,NP,48bN,D708,TAATGCGC,D507,CAGGACGT
AAH7B,16S,NP,49N,D709,CGGCTATG,D501,TATAGCCT
AAH7B,16S,NP,53N,D709,CGGCTATG,D503,CCTATCCT
AAH7B,16S,NP,54N,D709,CGGCTATG,D505,AGGCGAAG
AAH7B,16S,NP,54bN,D709,CGGCTATG,D507,CAGGACGT
AAH7B,16S,NP,55N,D710,TCCGCGAA,D501,TATAGCCT
AAH7B,16S,NP,56N,D710,TCCGCGAA,D503,CCTATCCT
AAH7B,16S,NP,57N,D710,TCCGCGAA,D505,AGGCGAAG
AAH7B,16S,NP,58N,D712,AGCGATAG,D501,TATAGCCT
AAH7B,16S,NP,58bN,D710,TCCGCGAA,D507,CAGGACGT
AAH7B,16S,NP,59N,D712,AGCGATAG,D503,CCTATCCT
AAH7B,16S,NP,69-023-01_N,D701,ATTACTCG,D503,CCTATCCT
AAH7B,16S,NP,69-023-03_N,D701,ATTACTCG,D504,GGCTCTGA
AAH7B,16S,NP,69-023-1011_N,D701,ATTACTCG,D505,AGGCGAAG
AAH7B,16S,NP,69-023-1012_N,D701,ATTACTCG,D506,TAATCTTA
AAH7B,16S,NP,69-023-1013_N,D701,ATTACTCG,D507,CAGGACGT
AAH7B,16S,NP,69-023-1014_N,D701,ATTACTCG,D508,GTACTGAC
AAH7B,16S,NP,69-031-01_N,D702,TCCGGAGA,D502,ATAGAGGC
AAH7B,16S,NP,69-031-02_N,D702,TCCGGAGA,D503,CCTATCCT
AAH7B,16S,NP,69-031-1011_N,D702,TCCGGAGA,D504,GGCTCTGA
AAH7B,16S,NP,69-031-1012_N,D702,TCCGGAGA,D505,AGGCGAAG
AAH7B,16S,NP,69-031-1013_N,D702,TCCGGAGA,D506,TAATCTTA
AAH7B,16S,NP,69-031-1014_N,D702,TCCGGAGA,D507,CAGGACGT
AAH7B,16S,NP,69-036-01_N,D702,TCCGGAGA,D508,GTACTGAC
AAH7B,16S,NP,69-036-04_N,D703,CGCTCATT,D501,TATAGCCT
AAH7B,16S,NP,69-036-1011_N,D703,CGCTCATT,D502,ATAGAGGC
AAH7B,16S,NP,69-036-1012_N,D703,CGCTCATT,D503,CCTATCCT
AAH7B,16S,NP,69-036-1013_N,D703,CGCTCATT,D504,GGCTCTGA
AAH7B,16S,NP,69-036-1015_N,D703,CGCTCATT,D505,AGGCGAAG
AAH7B,16S,NP,69-037-01_N,D703,CGCTCATT,D506,TAATCTTA
AAH7B,16S,NP,69-037-03_N,D703,CGCTCATT,D507,CAGGACGT
AAH7B,16S,NP,69-037-1011_N,D703,CGCTCATT,D508,GTACTGAC
AAH7B,16S,NP,69-037-1012_N,D704,GAGATTCC,D501,TATAGCCT
AAH7B,16S,NP,69-037-1013_N,D704,GAGATTCC,D502,ATAGAGGC
AAH7B,16S,NP,69-039-01_N,D704,GAGATTCC,D503,CCTATCCT
AAH7B,16S,NP,69-039-02_N,D704,GAGATTCC,D504,GGCTCTGA
AAH7B,16S,NP,69-039-03_N,D704,GAGATTCC,D505,AGGCGAAG
AAH7B,16S,NP,69-039-1011_N,D704,GAGATTCC,D506,TAATCTTA
AAH7B,16S,NP,69-039-1012_N,D704,GAGATTCC,D507,CAGGACGT
AAH7B,16S,NP,70-1004-05_N,D704,GAGATTCC,D508,GTACTGAC
AAH7B,16S,NP,70-1004-07_N,D705,ATTCAGAA,D501,TATAGCCT
AAH7B,16S,NP,70-1004-1011_N,D705,ATTCAGAA,D502,ATAGAGGC
AAH7B,16S,NP,70-1004-1012_N,D705,ATTCAGAA,D503,CCTATCCT
AAH7B,16S,NP,70-1004-1013_N,D705,ATTCAGAA,D504,GGCTCTGA
AAH7B,16S,NP,70-1004-1014_N,D705,ATTCAGAA,D505,AGGCGAAG
AAH7B,16S,NP,70-1005-05_N,D705,ATTCAGAA,D506,TAATCTTA
AAH7B,16S,NP,70-1005-06_N,D705,ATTCAGAA,D507,CAGGACGT
AAH7B,16S,NP,70-1005-1012_N,D705,ATTCAGAA,D508,GTACTGAC
AAH7B,16S,NP,70-1005-1013_N,D706,GAATTCGT,D501,TATAGCCT
AAH7B,16S,NP,70-1008-04_N,D706,GAATTCGT,D502,ATAGAGGC
AAH7B,16S,NP,70-1008-06_N,D706,GAATTCGT,D503,CCTATCCT
AAH7B,16S,NP,70-1008-1012_N,D706,GAATTCGT,D504,GGCTCTGA
AAH7B,16S,NP,70-1008-1013_N,D706,GAATTCGT,D505,AGGCGAAG
AAH7B,16S,NP,70-1008-1014_N,D706,GAATTCGT,D506,TAATCTTA
AAH7B,16S,NP,70-1008-1015_N,D706,GAATTCGT,D507,CAGGACGT
AAH7B,16S,NP,70-1012-05_N,D706,GAATTCGT,D508,GTACTGAC
AAH7B,16S,NP,70-1012-2001_N,D707,CTGAAGCT,D501,TATAGCCT
AAH7B,16S,NP,70-1012-2002_N,D707,CTGAAGCT,D502,ATAGAGGC
AAH7B,16S,NP,70-1012-2013_N,D707,CTGAAGCT,D503,CCTATCCT
AAH7B,16S,ST,44ST,D708,TAATGCGC,D506,TAATCTTA
AAH7B,16S,ST,48bST,D708,TAATGCGC,D508,GTACTGAC
AAH7B,16S,ST,49ST,D709,CGGCTATG,D502,ATAGAGGC
AAH7B,16S,ST,53ST,D709,CGGCTATG,D504,GGCTCTGA
AAH7B,16S,ST,54ST,D709,CGGCTATG,D506,TAATCTTA
AAH7B,16S,ST,54bST,D709,CGGCTATG,D508,GTACTGAC
AAH7B,16S,ST,55ST,D710,TCCGCGAA,D502,ATAGAGGC
AAH7B,16S,ST,56ST,D710,TCCGCGAA,D504,GGCTCTGA
AAH7B,16S,ST,57ST,D710,TCCGCGAA,D506,TAATCTTA
AAH7B,16S,ST,58ST,D712,AGCGATAG,D502,ATAGAGGC
AAH7B,16S,ST,58bST,D710,TCCGCGAA,D508,GTACTGAC
AAH7B,16S,ST,59ST,D712,AGCGATAG,D504,GGCTCTGA
AAH7B,16S,ST,69-023-03_ST,D707,CTGAAGCT,D504,GGCTCTGA
AAH7B,16S,ST,69-027-04_ST,D707,CTGAAGCT,D505,AGGCGAAG
AAH7B,16S,ST,69-033-04_ST,D707,CTGAAGCT,D506,TAATCTTA
AAH7B,16S,ST,69-037-03_ST,D707,CTGAAGCT,D507,CAGGACGT
AAH7B,16S,ST,69-037-1011_ST,D707,CTGAAGCT,D508,GTACTGAC
AAH7B,16S,ST,69-037-1012_ST,D708,TAATGCGC,D501,TATAGCCT
AAH7B,16S,ST,70-1005-07_ST,D708,TAATGCGC,D502,ATAGAGGC
AAH7B,16S,ST,70-1010-05_ST,D708,TAATGCGC,D503,CCTATCCT
AAH7B,16S,ST,70-1011-01_ST,D708,TAATGCGC,D504,GGCTCTGA
ACNUP,16S,ST,69-001-6011,D703,CGCTCATT,D501,TATAGCCT
ACNUP,16S,ST,69-001-6011.1,D704,GAGATTCC,D501,TATAGCCT
ACNUP,16S,ST,69-001-6011.2,D705,ATTCAGAA,D501,TATAGCCT
ACNUP,16S,ST,69-001-6012,D706,GAATTCGT,D501,TATAGCCT
ACNUP,16S,ST,69-001-6012.1,D707,CTGAAGCT,D501,TATAGCCT
ACNUP,16S,ST,69-001-6012.2,D708,TAATGCGC,D501,TATAGCCT
ACNUP,16S,ST,69-001-6013,D709,CGGCTATG,D501,TATAGCCT
ACNUP,16S,ST,69-001-6013A,D710,TCCGCGAA,D501,TATAGCCT
ACNUP,16S,ST,69-001-6014,D711,TCTCGCGC,D501,TATAGCCT
ACNUP,16S,ST,69-001-6015,D712,AGCGATAG,D501,TATAGCCT
ACNUP,16S,ST,69-001-6015.1,D701,ATTACTCG,D502,ATAGAGGC
ACNUP,16S,ST,69-001-6015.2A,D702,TCCGGAGA,D502,ATAGAGGC
ACNUP,16S,ST,69-001-6015.2B,D703,CGCTCATT,D502,ATAGAGGC
ACNUP,16S,ST,69-001-6016,D704,GAGATTCC,D502,ATAGAGGC
ACNUP,16S,ST,69-001-6016.1,D705,ATTCAGAA,D502,ATAGAGGC
ACNUP,16S,ST,69-001-6016.2,D706,GAATTCGT,D502,ATAGAGGC
ACNUP,16S,ST,69-001-6016.3,D707,CTGAAGCT,D502,ATAGAGGC
ACNUP,16S,ST,69-001-82,D701,ATTACTCG,D501,TATAGCCT
ACNUP,16S,ST,69-001-83,D702,TCCGGAGA,D501,TATAGCCT
ACNUP,16S,ST,69-063-02,D708,TAATGCGC,D502,ATAGAGGC
ACNUP,16S,ST,69-063-6012,D709,CGGCTATG,D502,ATAGAGGC
ACNUP,16S,ST,69-063-6013,D710,TCCGCGAA,D502,ATAGAGGC
ACNUP,16S,ST,69-063-6014,D711,TCTCGCGC,D502,ATAGAGGC
ACNUP,16S,ST,69-063-6015,D712,AGCGATAG,D502,ATAGAGGC
ACNUP,16S,ST,69-063-6016,D701,ATTACTCG,D503,CCTATCCT
ADM3N,16S,NP,69-010-1014,D710,TCCGCGAA,D506,TAATCTTA
ADM3N,16S,NP,69-010-1015,D711,TCTCGCGC,D506,TAATCTTA
ADM3N,16S,NP,69-016-02,D704,GAGATTCC,D506,TAATCTTA
ADM3N,16S,NP,69-016-03,D705,ATTCAGAA,D506,TAATCTTA
ADM3N,16S,NP,69-016-1012,D706,GAATTCGT,D506,TAATCTTA
ADM3N,16S,NP,69-016-1013,D707,CTGAAGCT,D506,TAATCTTA
ADM3N,16S,NP,69-016-1014,D708,TAATGCGC,D506,TAATCTTA
ADM3N,16S,NP,69-016-1015,D709,CGGCTATG,D506,TAATCTTA
ADM3N,16S,NP,69-031-04,D701,ATTACTCG,D506,TAATCTTA
ADM3N,16S,NP,69-031-05,D702,TCCGGAGA,D506,TAATCTTA
ADM3N,16S,NP,69-036-04,D703,CGCTCATT,D506,TAATCTTA
ADM3N,16S,NP,69-037-1021,D712,AGCGATAG,D506,TAATCTTA
ADM3N,16S,NP,69-037-1023,D701,ATTACTCG,D507,CAGGACGT
ADM3N,16S,NP,69-037-1025,D702,TCCGGAGA,D507,CAGGACGT
ADM3N,16S,NP,69-043-01,D703,CGCTCATT,D507,CAGGACGT
ADM3N,16S,NP,69-043-02,D704,GAGATTCC,D507,CAGGACGT
ADM3N,16S,NP,69-043-1023,D705,ATTCAGAA,D507,CAGGACGT
ADM3N,16S,NP,69-043-1024,D706,GAATTCGT,D507,CAGGACGT
ADM3N,16S,NP,69-053-01,D701,ATTACTCG,D508,GTACTGAC
ADM3N,16S,NP,69-053-1011,D702,TCCGGAGA,D508,GTACTGAC
ADM3N,16S,NP,69-053-1012,D703,CGCTCATT,D508,GTACTGAC
ADM3N,16S,NP,69-053-1014,D704,GAGATTCC,D508,GTACTGAC
ADM3N,16S,NP,69-063-02,D707,CTGAAGCT,D507,CAGGACGT
ADM3N,16S,NP,69-063-1011,D708,TAATGCGC,D507,CAGGACGT
ADM3N,16S,NP,69-063-1013,D709,CGGCTATG,D507,CAGGACGT
ADM3N,16S,NP,69-063-1014,D710,TCCGCGAA,D507,CAGGACGT
ADM3N,16S,NP,69-063-1015,D711,TCTCGCGC,D507,CAGGACGT
ADM3N,16S,NP,69-063-1022,D712,AGCGATAG,D507,CAGGACGT
ADM3N,16S,NP,70-1004-08,D705,ATTCAGAA,D505,AGGCGAAG
ADM3N,16S,NP,70-1004-09,D706,GAATTCGT,D505,AGGCGAAG
ADM3N,16S,NP,70-1005-09,D707,CTGAAGCT,D505,AGGCGAAG
ADM3N,16S,NP,70-1005-1022,D708,TAATGCGC,D505,AGGCGAAG
ADM3N,16S,NP,70-1005-1023,D709,CGGCTATG,D505,AGGCGAAG
ADM3N,16S,NP,70-1005-1024,D710,TCCGCGAA,D505,AGGCGAAG
ADM3N,16S,NP,70-1005-1025,D711,TCTCGCGC,D505,AGGCGAAG
ADM3N,16S,NP,70-1008-07,D712,AGCGATAG,D505,AGGCGAAG
ADM3N,16S,ST,69-010-1014,D709,CGGCTATG,D503,CCTATCCT
ADM3N,16S,ST,69-010-1015,D710,TCCGCGAA,D503,CCTATCCT
ADM3N,16S,ST,69-016-01,D708,TAATGCGC,D502,ATAGAGGC
ADM3N,16S,ST,69-016-02,D709,CGGCTATG,D502,ATAGAGGC
ADM3N,16S,ST,69-016-03,D710,TCCGCGAA,D502,ATAGAGGC
ADM3N,16S,ST,69-016-1012,D711,TCTCGCGC,D502,ATAGAGGC
ADM3N,16S,ST,69-016-1013,D712,AGCGATAG,D502,ATAGAGGC
ADM3N,16S,ST,69-016-1014,D701,ATTACTCG,D503,CCTATCCT
ADM3N,16S,ST,69-016-1015,D702,TCCGGAGA,D503,CCTATCCT
ADM3N,16S,ST,69-031-04,D703,CGCTCATT,D503,CCTATCCT
ADM3N,16S,ST,69-031-05,D704,GAGATTCC,D503,CCTATCCT
ADM3N,16S,ST,69-031-1011,D705,ATTCAGAA,D503,CCTATCCT
ADM3N,16S,ST,69-031-1012,D706,GAATTCGT,D503,CCTATCCT
ADM3N,16S,ST,69-035-05,D701,ATTACTCG,D501,TATAGCCT
ADM3N,16S,ST,69-035-07,D702,TCCGGAGA,D501,TATAGCCT
ADM3N,16S,ST,69-036-04,D707,CTGAAGCT,D503,CCTATCCT
ADM3N,16S,ST,69-036-1014,D708,TAATGCGC,D503,CCTATCCT
ADM3N,16S,ST,69-037-1021,D710,TCCGCGAA,D504,GGCTCTGA
ADM3N,16S,ST,69-037-1023,D711,TCTCGCGC,D504,GGCTCTGA
ADM3N,16S,ST,69-037-1025,D712,AGCGATAG,D504,GGCTCTGA
ADM3N,16S,ST,69-043-01,D701,ATTACTCG,D505,AGGCGAAG
ADM3N,16S,ST,69-043-02,D702,TCCGGAGA,D505,AGGCGAAG
ADM3N,16S,ST,69-043-1023,D703,CGCTCATT,D505,AGGCGAAG
ADM3N,16S,ST,69-043-1024,D704,GAGATTCC,D505,AGGCGAAG
ADM3N,16S,ST,69-048-02,D703,CGCTCATT,D501,TATAGCCT
ADM3N,16S,ST,69-048-03,D704,GAGATTCC,D501,TATAGCCT
ADM3N,16S,ST,69-048-04,D705,ATTCAGAA,D501,TATAGCCT
ADM3N,16S,ST,69-049-02,D706,GAATTCGT,D501,TATAGCCT
ADM3N,16S,ST,69-053-01,D711,TCTCGCGC,D503,CCTATCCT
ADM3N,16S,ST,69-053-1011,D712,AGCGATAG,D503,CCTATCCT
ADM3N,16S,ST,69-053-1012,D701,ATTACTCG,D504,GGCTCTGA
ADM3N,16S,ST,69-053-1014,D702,TCCGGAGA,D504,GGCTCTGA
ADM3N,16S,ST,69-063-02,D703,CGCTCATT,D504,GGCTCTGA
ADM3N,16S,ST,69-063-1011,D704,GAGATTCC,D504,GGCTCTGA
ADM3N,16S,ST,69-063-1012,D705,ATTCAGAA,D504,GGCTCTGA
ADM3N,16S,ST,69-063-1013,D706,GAATTCGT,D504,GGCTCTGA
ADM3N,16S,ST,69-063-1014X,D707,CTGAAGCT,D504,GGCTCTGA
ADM3N,16S,ST,69-063-1015,D708,TAATGCGC,D504,GGCTCTGA
ADM3N,16S,ST,69-063-1022,D709,CGGCTATG,D504,GGCTCTGA
ADM3N,16S,ST,70-1004-08,D712,AGCGATAG,D501,TATAGCCT
ADM3N,16S,ST,70-1004-09,D701,ATTACTCG,D502,ATAGAGGC
ADM3N,16S,ST,70-1005-09,D702,TCCGGAGA,D502,ATAGAGGC
ADM3N,16S,ST,70-1005-1022,D703,CGCTCATT,D502,ATAGAGGC
ADM3N,16S,ST,70-1005-1023,D704,GAGATTCC,D502,ATAGAGGC
ADM3N,16S,ST,70-1005-1024,D705,ATTCAGAA,D502,ATAGAGGC
ADM3N,16S,ST,70-1005-1025,D706,GAATTCGT,D502,ATAGAGGC
ADM3N,16S,ST,70-1008-07,D707,CTGAAGCT,D501,TATAGCCT
ADM3N,16S,ST,70-1008-07,D707,CTGAAGCT,D502,ATAGAGGC
ADM3N,16S,ST,70-1010-05,D708,TAATGCGC,D501,TATAGCCT
ADM3N,16S,ST,70-1011-05,D709,CGGCTATG,D501,TATAGCCT
ADM3N,16S,ST,70-1011-06,D710,TCCGCGAA,D501,TATAGCCT
ADM3N,16S,ST,70-1012-06,D711,TCTCGCGC,D501,TATAGCCT
AELNK,16S,ST,69-046-01,D701,ATTACTCG,D505,AGGCGAAG
AELNK,16S,ST,69-046-02,D702,TCCGGAGA,D505,AGGCGAAG
AELNK,16S,ST,69-046-03,D703,CGCTCATT,D505,AGGCGAAG
AELNK,16S,ST,69-046-04,D704,GAGATTCC,D505,AGGCGAAG
AELNK,16S,ST,69-057-01,D706,GAATTCGT,D506,TAATCTTA
AELNK,16S,ST,69-057-02,D707,CTGAAGCT,D506,TAATCTTA
AELNK,16S,ST,69-058-01,D705,ATTCAGAA,D505,AGGCGAAG
AELNK,16S,ST,69-058-02,D706,GAATTCGT,D505,AGGCGAAG
AELNK,16S,ST,69-058-03,D707,CTGAAGCT,D505,AGGCGAAG
AELNK,16S,ST,69-060-01,D708,TAATGCGC,D505,AGGCGAAG
AELNK,16S,ST,69-060-02,D709,CGGCTATG,D505,AGGCGAAG
AELNK,16S,ST,69-060-03,D710,TCCGCGAA,D505,AGGCGAAG
AELNK,16S,ST,69-064-01,D702,TCCGGAGA,D506,TAATCTTA
AELNK,16S,ST,69-064-02,D703,CGCTCATT,D506,TAATCTTA
AELNK,16S,ST,69-065-01,D704,GAGATTCC,D506,TAATCTTA
AELNK,16S,ST,69-065-02,D705,ATTCAGAA,D506,TAATCTTA
AELNK,16S,ST,69-068-01,D711,TCTCGCGC,D505,AGGCGAAG
AELNK,16S,ST,69-068-02,D712,AGCGATAG,D505,AGGCGAAG
AELNK,16S,ST,69-068-03,D701,ATTACTCG,D506,TAATCTTA
AF11U,16S,NP,69-001-1010,D705,ATTCAGAA,D503,CCTATCCT
AF11U,16S,NP,69-001-1010-L,D706,GAATTCGT,D503,CCTATCCT
AF11U,16S,NP,69-001-1012,D701,ATTACTCG,D504,GGCTCTGA
AF11U,16S,NP,69-001-1012-L,D702,TCCGGAGA,D504,GGCTCTGA
AF11U,16S,NP,69-001-1015,D711,TCTCGCGC,D503,CCTATCCT
AF11U,16S,NP,69-001-6013,D704,GAGATTCC,D503,CCTATCCT
AF11U,16S,NP,69-001-6014,D703,CGCTCATT,D504,GGCTCTGA
AF11U,16S,NP,69-001-6014-L,D704,GAGATTCC,D504,GGCTCTGA
AF11U,16S,NP,69-001-6015,D707,CTGAAGCT,D503,CCTATCCT
AF11U,16S,NP,69-001-6015-L,D708,TAATGCGC,D503,CCTATCCT
AF11U,16S,NP,69-001-6016,D709,CGGCTATG,D503,CCTATCCT
AF11U,16S,NP,69-001-6016-L,D710,TCCGCGAA,D503,CCTATCCT
AF11U,16S,NP,69-001-6021,D712,AGCGATAG,D503,CCTATCCT
AF11U,16S,NP,69-001-6023b,D705,ATTCAGAA,D504,GGCTCTGA
AF11U,16S,NP,69-001-6023b-L,D706,GAATTCGT,D504,GGCTCTGA
AF11U,16S,NP,69-001-61,D711,TCTCGCGC,D504,GGCTCTGA
AF11U,16S,NP,69-001-63,D710,TCCGCGAA,D504,GGCTCTGA
AF11U,16S,NP,69-001-65,D701,ATTACTCG,D505,AGGCGAAG
AF11U,16S,NP,69-001-65-L,D702,TCCGGAGA,D505,AGGCGAAG
AF11U,16S,NP,69-001-66,D703,CGCTCATT,D505,AGGCGAAG
AF11U,16S,NP,69-001-68,D709,CGGCTATG,D504,GGCTCTGA
AF11U,16S,NP,69-001-71,D712,AGCGATAG,D504,GGCTCTGA
AF11U,16S,NP,69-001-80,D708,TAATGCGC,D504,GGCTCTGA
AF11U,16S,NP,69-001-83,D707,CTGAAGCT,D504,GGCTCTGA
AF11U,16S,NP,69-001-84b,D703,CGCTCATT,D503,CCTATCCT
AF11U,16S,ST,69-001-1010,D702,TCCGGAGA,D502,ATAGAGGC
AF11U,16S,ST,69-001-1011,D703,CGCTCATT,D502,ATAGAGGC
AF11U,16S,ST,69-001-1012,D704,GAGATTCC,D502,ATAGAGGC
AF11U,16S,ST,69-001-1015,D705,ATTCAGAA,D502,ATAGAGGC
AF11U,16S,ST,69-001-2001,D710,TCCGCGAA,D502,ATAGAGGC
AF11U,16S,ST,69-001-2002,D711,TCTCGCGC,D502,ATAGAGGC
AF11U,16S,ST,69-001-46,D712,AGCGATAG,D502,ATAGAGGC
AF11U,16S,ST,69-001-6021,D706,GAATTCGT,D502,ATAGAGGC
AF11U,16S,ST,69-001-6022,D707,CTGAAGCT,D502,ATAGAGGC
AF11U,16S,ST,69-001-6023,D708,TAATGCGC,D502,ATAGAGGC
AF11U,16S,ST,69-001-6023b,D709,CGGCTATG,D502,ATAGAGGC
AF11U,16S,ST,69-001-61,D701,ATTACTCG,D501,TATAGCCT
AF11U,16S,ST,69-001-62,D702,TCCGGAGA,D501,TATAGCCT
AF11U,16S,ST,69-001-63,D703,CGCTCATT,D501,TATAGCCT
AF11U,16S,ST,69-001-64,D704,GAGATTCC,D501,TATAGCCT
AF11U,16S,ST,69-001-65,D705,ATTCAGAA,D501,TATAGCCT
AF11U,16S,ST,69-001-66,D706,GAATTCGT,D501,TATAGCCT
AF11U,16S,ST,69-001-68,D707,CTGAAGCT,D501,TATAGCCT
AF11U,16S,ST,69-001-70,D708,TAATGCGC,D501,TATAGCCT
AF11U,16S,ST,69-001-71,D709,CGGCTATG,D501,TATAGCCT
AF11U,16S,ST,69-001-80,D710,TCCGCGAA,D501,TATAGCCT
AF11U,16S,ST,69-001-83,D711,TCTCGCGC,D501,TATAGCCT
AF11U,16S,ST,69-001-84,D712,AGCGATAG,D501,TATAGCCT
AF11U,16S,ST,69-001-84b,D701,ATTACTCG,D502,ATAGAGGC
AF11U,16S,ST,69-058-04,D701,ATTACTCG,D503,CCTATCCT
AF11U,16S,ST,69-065-03,D702,TCCGGAGA,D503,CCTATCCT
AGHU5,RNAseq,ST,69-001-57,A002,CGATGT,,
AGHU5,RNAseq,ST,69-001-58b,A001,ATCACG,,
AGHU5,RNAseq,ST,69-001-59,A003,TTAGGC,,
AGHU5,RNAseq,ST,69-001-61,A004,TGACCA,,
AGHU5,RNAseq,ST,69-001-62,A005,ACAGTG,,
AGHU5,RNAseq,ST,69-001-63,A006,GCCAAT,,
AGHU5,RNAseq,ST,69-001-64,A007,CAGATC,,
AGHU5,RNAseq,ST,69-001-65,A008,ACTTGA,,
AHC7NYBGXX,RNAseq,ST,69-001-2001,A034,CATGGC,,
AHC7NYBGXX,RNAseq,ST,69-001-6023B,A033,CAGGCG,,
AHC7NYBGXX,RNAseq,ST,69-001-66,A032,CACTCA,,
AJEMY,RNAseq,ST,69-001-570-3exf,A007,CAGATC,,
AJEMY,RNAseq,ST,69-001-57N-1.5,A002,CGATGT,,
AJEMY,RNAseq,ST,69-001-57N-2,A004,TGACCA,,
AJEMY,RNAseq,ST,69-001-57N-3,A006,GCCAAT,,
AJEMY,RNAseq,ST,69-001-57N-3exf,A008,ACTTGA,,
AJEMY,RNAseq,ST,69-001-57O-1.5,A001,ATCACG,,
AJEMY,RNAseq,ST,69-001-57O-2,A003,TTAGGC,,
AJEMY,RNAseq,ST,69-001-57O-3,A005,ACAGTG,,
AJHDT,RNAseq,ST,69-001-57,A002,CGATGT,,
AJHDT,RNAseq,ST,69-001-58b,A001,ATCACG,,
AJHDT,RNAseq,ST,69-001-59,A003,TTAGGC,,
AJHDT,RNAseq,ST,69-001-61,A004,TGACCA,,
AJHDT,RNAseq,ST,69-001-62,A005,ACAGTG,,
AJHDT,RNAseq,ST,69-001-63,A006,GCCAAT,,
AJHDT,RNAseq,ST,69-001-64,A007,CAGATC,,
AJHDT,RNAseq,ST,69-001-65,A008,ACTTGA,,
AHCG2MBGXX,mWGS,ST,69-001-6011,D703,CGCTCATT,D504,TCAGAGCC
AHCG2MBGXX,mWGS,ST,69-001-6011.1,D704,GAGATTCC,D504,TCAGAGCC
AHCG2MBGXX,mWGS,ST,69-001-6011.2,D705,ATTCAGAA,D504,TCAGAGCC
AHCG2MBGXX,mWGS,ST,69-001-6012,D706,GAATTCGT,D504,TCAGAGCC
AHCG2MBGXX,mWGS,ST,69-001-6012.1,D707,CTGAAGCT,D504,TCAGAGCC
AHCG2MBGXX,mWGS,ST,69-001-6012.2,D708,TAATGCGC,D504,TCAGAGCC
AHCG2MBGXX,mWGS,ST,69-001-6013,D709,CGGCTATG,D504,TCAGAGCC
AHCG2MBGXX,mWGS,ST,69-001-6013A,D710,TCCGCGAA,D504,TCAGAGCC
AHCG2MBGXX,mWGS,ST,69-001-6014,D711,TCTCGCGC,D504,TCAGAGCC
AHCG2MBGXX,mWGS,ST,69-001-6015,D712,AGCGATAG,D504,TCAGAGCC
AHCG2MBGXX,mWGS,ST,69-001-6015.1,D701,ATTACTCG,D505,CTTCGCCT
AHCG2MBGXX,mWGS,ST,69-001-6015.2A,D702,TCCGGAGA,D505,CTTCGCCT
AHCG2MBGXX,mWGS,ST,69-001-6015.2B,D703,CGCTCATT,D505,CTTCGCCT
AHCG2MBGXX,mWGS,ST,69-001-6016,D704,GAGATTCC,D505,CTTCGCCT
AHCG2MBGXX,mWGS,ST,69-001-6016.1,D705,ATTCAGAA,D505,CTTCGCCT
AHCG2MBGXX,mWGS,ST,69-001-6016.2,D706,GAATTCGT,D505,CTTCGCCT
AHCG2MBGXX,mWGS,ST,69-001-6016.3,D707,CTGAAGCT,D505,CTTCGCCT
AHCG2MBGXX,mWGS,ST,69-001-82,D701,ATTACTCG,D504,TCAGAGCC
AHCG2MBGXX,mWGS,ST,69-001-83,D702,TCCGGAGA,D504,TCAGAGCC
AHCG2MBGXX,mWGS,ST,69-003-08,D702,TCCGGAGA,D506,TAAGATTA
AHCG2MBGXX,mWGS,ST,69-003-1011,D703,CGCTCATT,D506,TAAGATTA
AHCG2MBGXX,mWGS,ST,69-004-01,D704,GAGATTCC,D506,TAAGATTA
AHCG2MBGXX,mWGS,ST,69-004-1011,D705,ATTCAGAA,D506,TAAGATTA
AHCG2MBGXX,mWGS,ST,69-005-03,D706,GAATTCGT,D506,TAAGATTA
AHCG2MBGXX,mWGS,ST,69-063-02,D708,TAATGCGC,D505,CTTCGCCT
AHCG2MBGXX,mWGS,ST,69-063-6012,D709,CGGCTATG,D505,CTTCGCCT
AHCG2MBGXX,mWGS,ST,69-063-6013,D710,TCCGCGAA,D505,CTTCGCCT
AHCG2MBGXX,mWGS,ST,69-063-6014,D711,TCTCGCGC,D502,GCCTCTAT
AHCG2MBGXX,mWGS,ST,69-063-6015,D712,AGCGATAG,D505,CTTCGCCT
AHCG2MBGXX,mWGS,ST,69-063-6016,D701,ATTACTCG,D506,TAAGATTA
AHLH73BGXX,mWGS,ST,69-001-1010,D702,TCCGGAGA,D502,GCCTCTAT
AHLH73BGXX,mWGS,ST,69-001-1011,D703,CGCTCATT,D502,GCCTCTAT
AHLH73BGXX,mWGS,ST,69-001-1012,D704,GAGATTCC,D502,GCCTCTAT
AHLH73BGXX,mWGS,ST,69-001-1015,D705,ATTCAGAA,D502,GCCTCTAT
AHLH73BGXX,mWGS,ST,69-001-2001,D710,TCCGCGAA,D502,GCCTCTAT
AHLH73BGXX,mWGS,ST,69-001-2002,D711,TCTCGCGC,D502,GCCTCTAT
AHLH73BGXX,mWGS,ST,69-001-46,D712,AGCGATAG,D502,GCCTCTAT
AHLH73BGXX,mWGS,ST,69-001-6021,D706,GAATTCGT,D502,GCCTCTAT
AHLH73BGXX,mWGS,ST,69-001-6022,D707,CTGAAGCT,D502,GCCTCTAT
AHLH73BGXX,mWGS,ST,69-001-6023,D708,TAATGCGC,D502,GCCTCTAT
AHLH73BGXX,mWGS,ST,69-001-6023b,D709,CGGCTATG,D502,GCCTCTAT
AHLH73BGXX,mWGS,ST,69-001-61,D701,ATTACTCG,D501,AGGCTATA
AHLH73BGXX,mWGS,ST,69-001-62,D702,TCCGGAGA,D501,AGGCTATA
AHLH73BGXX,mWGS,ST,69-001-63,D703,CGCTCATT,D501,AGGCTATA
AHLH73BGXX,mWGS,ST,69-001-64,D704,GAGATTCC,D501,AGGCTATA
AHLH73BGXX,mWGS,ST,69-001-65,D705,ATTCAGAA,D501,AGGCTATA
AHLH73BGXX,mWGS,ST,69-001-66,D706,GAATTCGT,D501,AGGCTATA
AHLH73BGXX,mWGS,ST,69-001-68,D707,CTGAAGCT,D501,AGGCTATA
AHLH73BGXX,mWGS,ST,69-001-70,D708,TAATGCGC,D501,AGGCTATA
AHLH73BGXX,mWGS,ST,69-001-71,D709,CGGCTATG,D501,AGGCTATA
AHLH73BGXX,mWGS,ST,69-001-80,D710,TCCGCGAA,D501,AGGCTATA
AHLH73BGXX,mWGS,ST,69-001-83,D711,TCTCGCGC,D501,AGGCTATA
AHLH73BGXX,mWGS,ST,69-001-84,D712,AGCGATAG,D501,AGGCTATA
AHLH73BGXX,mWGS,ST,69-001-84b,D701,ATTACTCG,D502,GCCTCTAT
BHB5LAADXX,mWGS,NP,44N,TruSeqHT,ATTACTCGCTTCGCCT,,
BHB5LAADXX,mWGS,NP,53N,TruSeqHT,TCCGGAGACTTCGCCT,,
BHB5LAADXX,mWGS,NP,54N,TruSeqHT,CGCTCATTCTTCGCCT,,
BHB5LAADXX,mWGS,NP,54bN,TruSeqHT,GAGATTCCCTTCGCCT,,
BHB5LAADXX,mWGS,NP,55N,TruSeqHT,ATTCAGAACTTCGCCT,,
BHB5LAADXX,mWGS,NP,57N,TruSeqHT,GAATTCGTCTTCGCCT,,
BHB5LAADXX,mWGS,NP,58N,TruSeqHT,CTGAAGCTCTTCGCCT,,
BHB5LAADXX,mWGS,ST,44ST,TruSeqHT,ATTCAGAAGCCTCTAT,,
BHB5LAADXX,mWGS,ST,48bST,TruSeqHT,GAATTCGTGCCTCTAT,,
BHB5LAADXX,mWGS,ST,49ST,TruSeqHT,CTGAAGCTGCCTCTAT,,
BHB5LAADXX,mWGS,ST,54ST,TruSeqHT,TAATGCGCGCCTCTAT,,
BHB5LAADXX,mWGS,ST,54bST,TruSeqHT,CGGCTATGGCCTCTAT,,
BHB5LAADXX,mWGS,ST,55ST,TruSeqHT,TCCGCGAAGCCTCTAT,,
BHB5LAADXX,mWGS,ST,56ST,TruSeqHT,TCTCGCGCGCCTCTAT,,
BHB5LAADXX,mWGS,ST,70-1005-07,TruSeqHT,AGCGATAGGCCTCTAT,,
BHLVVGADXX,mWGS,ST,69-046-02,DNA-Seq-Other,CTGAAGCT-TAATCTTA,,
BHLVVGADXX,mWGS,ST,69-046-03,DNA-Seq-Other,TAATGCGC-TAATCTTA,,
BHLVVGADXX,mWGS,ST,69-046-04,DNA-Seq-Other,CGGCTATG-TAATCTTA,,
BHLVVGADXX,mWGS,ST,69-057-01,DNA-Seq-Other,TCCGCGAA-CAGGACGT,,
BHLVVGADXX,mWGS,ST,69-057-02,DNA-Seq-Other,TCTCGCGC-CAGGACGT,,
BHLVVGADXX,mWGS,ST,69-058-01,DNA-Seq-Other,TCCGCGAA-TAATCTTA,,
BHLVVGADXX,mWGS,ST,69-058-02,DNA-Seq-Other,TCTCGCGC-TAATCTTA,,
BHLVVGADXX,mWGS,ST,69-058-03,DNA-Seq-Other,AGCGATAG-TAATCTTA,,
BHLVVGADXX,mWGS,ST,69-060-01,DNA-Seq-Other,ATTACTCG-CAGGACGT,,
BHLVVGADXX,mWGS,ST,69-060-02,DNA-Seq-Other,TCCGGAGA-CAGGACGT,,
BHLVVGADXX,mWGS,ST,69-060-03,DNA-Seq-Other,CGCTCATT-CAGGACGT,,
BHLVVGADXX,mWGS,ST,69-064-02,DNA-Seq-Other,CTGAAGCT-CAGGACGT,,
BHLVVGADXX,mWGS,ST,69-065-01,DNA-Seq-Other,TAATGCGC-CAGGACGT,,
BHLVVGADXX,mWGS,ST,69-065-02,DNA-Seq-Other,CGGCTATG-CAGGACGT,,
BHLVVGADXX,mWGS,ST,69-068-01,DNA-Seq-Other,GAGATTCC-CAGGACGT,,
BHLVVGADXX,mWGS,ST,69-068-02,DNA-Seq-Other,ATTCAGAA-CAGGACGT,,
BHLVVGADXX,mWGS,ST,69-068-03,DNA-Seq-Other,GAATTCGT-CAGGACGT,,
