SampleID,FlowCell,JAXID,SeqType,Tissue,Date_From_First_Visit,IndexCode1,IndexSeq1,IndexCode2,IndexSeq2,Sub_Study,a
44N,AAH7B,J38311,16S,NP,0,D708,TAATGCGC,D505,AGGCGAAG,Healthy v. Sick,
44ST,AAH7B,J38312,16S,ST,0,D708,TAATGCGC,D506,TAATCTTA,Healthy v. Sick,
48bN,AAH7B,J38313,16S,NP,66,D708,TAATGCGC,D507,CAGGACGT,Healthy v. Sick,
48bST,AAH7B,J38314,16S,ST,66,D708,TAATGCGC,D508,GTACTGAC,Healthy v. Sick,
49N,AAH7B,J38315,16S,NP,75,D709,CGGCTATG,D501,TATAGCCT,Healthy v. Sick,
49ST,AAH7B,J38316,16S,ST,75,D709,CGGCTATG,D502,ATAGAGGC,Healthy v. Sick,
53N,AAH7B,J38317,16S,NP,136,D709,CGGCTATG,D503,CCTATCCT,Healthy v. Sick,
53ST,AAH7B,J38318,16S,ST,136,D709,CGGCTATG,D504,GGCTCTGA,Healthy v. Sick,
54bN,AAH7B,J38321,16S,NP,150,D709,CGGCTATG,D507,CAGGACGT,Healthy v. Sick,
54bST,AAH7B,J38322,16S,ST,150,D709,CGGCTATG,D508,GTACTGAC,Healthy v. Sick,
54N,AAH7B,J38319,16S,NP,148,D709,CGGCTATG,D505,AGGCGAAG,Healthy v. Sick,
54ST,AAH7B,J38320,16S,ST,148,D709,CGGCTATG,D506,TAATCTTA,Healthy v. Sick,
55N,AAH7B,J38323,16S,NP,153,D710,TCCGCGAA,D501,TATAGCCT,Healthy v. Sick,
55ST,AAH7B,J38324,16S,ST,153,D710,TCCGCGAA,D502,ATAGAGGC,Healthy v. Sick,
56N,AAH7B,J38325,16S,NP,161,D710,TCCGCGAA,D503,CCTATCCT,Healthy v. Sick,
56ST,AAH7B,J38326,16S,ST,161,D710,TCCGCGAA,D504,GGCTCTGA,Healthy v. Sick,
57N,AAH7B,J38327,16S,NP,165,D710,TCCGCGAA,D505,AGGCGAAG,Healthy v. Sick,
57ST,AAH7B,J38328,16S,ST,165,D710,TCCGCGAA,D506,TAATCTTA,Healthy v. Sick,
58bN,AAH7B,J38331,16S,NP,167,D710,TCCGCGAA,D507,CAGGACGT,Healthy v. Sick,
58bST,AAH7B,J38332,16S,ST,167,D710,TCCGCGAA,D508,GTACTGAC,Healthy v. Sick,
58N,AAH7B,J38329,16S,NP,176,D712,AGCGATAG,D501,TATAGCCT,Healthy v. Sick,
58ST,AAH7B,J38330,16S,ST,176,D712,AGCGATAG,D502,ATAGAGGC,Healthy v. Sick,
59N,AAH7B,J38333,16S,NP,225,D712,AGCGATAG,D503,CCTATCCT,Healthy v. Sick,
59ST,AAH7B,J38334,16S,ST,225,D712,AGCGATAG,D504,GGCTCTGA,Healthy v. Sick,
69-001-1010,AF11U,J16627,16S,ST,828,D702,TCCGGAGA,D502,ATAGAGGC,Over-Feeding,
69-001-1010-L,AF11U,J16643,16S,NP,828,D706,GAATTCGT,D503,CCTATCCT,Healthy v. Sick,
69-001-1010-R,AF11U,J16642,16S,NP,828,D705,ATTCAGAA,D503,CCTATCCT,Healthy v. Sick,
69-001-1011,AF11U,J16628,16S,ST,830,D703,CGCTCATT,D502,ATAGAGGC,Healthy v. Sick,
69-001-1012,AF11U,J16629,16S,ST,832,D704,GAGATTCC,D502,ATAGAGGC,Fiber,
69-001-1012-L,AF11U,J16651,16S,NP,832,D702,TCCGGAGA,D504,GGCTCTGA,Healthy v. Sick,
69-001-1012-R,AF11U,J16650,16S,NP,832,D701,ATTACTCG,D504,GGCTCTGA,Healthy v. Sick,
69-001-1015,AF11U,J16630,16S,ST,859,D705,ATTCAGAA,D502,ATAGAGGC,Healthy v. Sick,
69-001-1015-R,AF11U,J16648,16S,NP,859,D711,TCTCGCGC,D503,CCTATCCT,Healthy v. Sick,
69-001-2001,AF11U,J16635,16S,ST,447,D710,TCCGCGAA,D502,ATAGAGGC,Healthy v. Sick,
69-001-2002,AF11U,J16636,16S,ST,454,D711,TCTCGCGC,D502,ATAGAGGC,Fiber,
69-001-46,AF11U,J16637,16S,ST,60,D712,AGCGATAG,D502,ATAGAGGC,Fiber,
69-001-6011,ACNUP,J08498,16S,ST,811,D703,CGCTCATT,D501,TATAGCCT,Fiber,
69-001-6011.1,ACNUP,J08499,16S,ST,815,D704,GAGATTCC,D501,TATAGCCT,Fiber,
69-001-6011.2,ACNUP,J08500,16S,ST,817,D705,ATTCAGAA,D501,TATAGCCT,Fiber,
69-001-6012,ACNUP,J08501,16S,ST,818,D706,GAATTCGT,D501,TATAGCCT,Fiber,
69-001-6012.1,ACNUP,J08502,16S,ST,821,D707,CTGAAGCT,D501,TATAGCCT,Fiber,
69-001-6012.2,ACNUP,J08503,16S,ST,822,D708,TAATGCGC,D501,TATAGCCT,Fiber,
69-001-6013,ACNUP,J08504,16S,ST,825,D709,CGGCTATG,D501,TATAGCCT,Fiber,
69-001-6013-R,AF11U,J16641,16S,NP,825,D704,GAGATTCC,D503,CCTATCCT,Healthy v. Sick,
69-001-6013A,ACNUP,J08505,16S,ST,825,D710,TCCGCGAA,D501,TATAGCCT,Fiber,
69-001-6014,ACNUP,J08506,16S,ST,837,D711,TCTCGCGC,D501,TATAGCCT,Fiber,
69-001-6014-L,AF11U,J16653,16S,NP,836,D704,GAGATTCC,D504,GGCTCTGA,Healthy v. Sick,
69-001-6014-R,AF11U,J16652,16S,NP,836,D703,CGCTCATT,D504,GGCTCTGA,Healthy v. Sick,
69-001-6015,ACNUP,J08507,16S,ST,839,D712,AGCGATAG,D501,TATAGCCT,Fiber,
69-001-6015-L,AF11U,J16645,16S,NP,839,D708,TAATGCGC,D503,CCTATCCT,Healthy v. Sick,
69-001-6015-R,AF11U,J16644,16S,NP,839,D707,CTGAAGCT,D503,CCTATCCT,Healthy v. Sick,
69-001-6015.1,ACNUP,J08508,16S,ST,841,D701,ATTACTCG,D502,ATAGAGGC,Fiber,
69-001-6015.2A,ACNUP,J08509,16S,ST,844,D702,TCCGGAGA,D502,ATAGAGGC,Fiber,
69-001-6015.2B,ACNUP,J08510,16S,ST,844,D703,CGCTCATT,D502,ATAGAGGC,Fiber,
69-001-6016,ACNUP,J08511,16S,ST,845,D704,GAGATTCC,D502,ATAGAGGC,Fiber,
69-001-6016-L,AF11U,J16647,16S,NP,845,D710,TCCGCGAA,D503,CCTATCCT,Healthy v. Sick,
69-001-6016-R,AF11U,J16646,16S,NP,845,D709,CGGCTATG,D503,CCTATCCT,Healthy v. Sick,
69-001-6016.1,ACNUP,J08512,16S,ST,857,D705,ATTCAGAA,D502,ATAGAGGC,Fiber,
69-001-6016.2,ACNUP,J08513,16S,ST,858,D706,GAATTCGT,D502,ATAGAGGC,Fiber,
69-001-6016.3,ACNUP,J08514,16S,ST,859,D707,CTGAAGCT,D502,ATAGAGGC,Fiber,
69-001-6021,AF11U,J16631,16S,ST,866,D706,GAATTCGT,D502,ATAGAGGC,Fiber,
69-001-6021-R,AF11U,J16649,16S,NP,866,D712,AGCGATAG,D503,CCTATCCT,Healthy v. Sick,
69-001-6022,AF11U,J16632,16S,ST,873,D707,CTGAAGCT,D502,ATAGAGGC,Fiber,
69-001-6023,AF11U,J16633,16S,ST,880,D708,TAATGCGC,D502,ATAGAGGC,Healthy v. Sick,
69-001-6023b,AF11U,J16634,16S,ST,880,D709,CGGCTATG,D502,ATAGAGGC,Fiber,
69-001-6023b-L,AF11U,J16655,16S,NP,880,D706,GAATTCGT,D504,GGCTCTGA,Healthy v. Sick,
69-001-6023b-R,AF11U,J16654,16S,NP,880,D705,ATTCAGAA,D504,GGCTCTGA,Healthy v. Sick,
69-001-61,AF11U,J16614,16S,ST,280,D701,ATTACTCG,D501,TATAGCCT,Healthy v. Sick,
69-001-61-R,AF11U,J16660,16S,NP,280,D711,TCTCGCGC,D504,GGCTCTGA,Healthy v. Sick,
69-001-62,AF11U,J16615,16S,ST,316,D702,TCCGGAGA,D501,TATAGCCT,Healthy v. Sick,
69-001-63,AF11U,J16616,16S,ST,343,D703,CGCTCATT,D501,TATAGCCT,Healthy v. Sick,
69-001-63-R,AF11U,J16659,16S,NP,343,D710,TCCGCGAA,D504,GGCTCTGA,Healthy v. Sick,
69-001-64,AF11U,J16617,16S,ST,400,D704,GAGATTCC,D501,TATAGCCT,Healthy v. Sick,
69-001-65,AF11U,J16618,16S,ST,429,D705,ATTCAGAA,D501,TATAGCCT,Fiber,
69-001-65-L,AF11U,J16663,16S,NP,429,D702,TCCGGAGA,D505,AGGCGAAG,Fiber,
69-001-65-R,AF11U,J16662,16S,NP,429,D701,ATTACTCG,D505,AGGCGAAG,Fiber,
69-001-66,AF11U,J16619,16S,ST,432,D706,GAATTCGT,D501,TATAGCCT,Fiber,
69-001-66-R,AF11U,J16664,16S,NP,432,D703,CGCTCATT,D505,AGGCGAAG,Fiber,
69-001-68,AF11U,J16620,16S,ST,439,D707,CTGAAGCT,D501,TATAGCCT,Healthy v. Sick,
69-001-68-R,AF11U,J16658,16S,NP,439,D709,CGGCTATG,D504,GGCTCTGA,Fiber,
69-001-70,AF11U,J16621,16S,ST,476,D708,TAATGCGC,D501,TATAGCCT,Healthy v. Sick,
69-001-71,AF11U,J16622,16S,ST,497,D709,CGGCTATG,D501,TATAGCCT,Healthy v. Sick,
69-001-71-R,AF11U,J16661,16S,NP,497,D712,AGCGATAG,D504,GGCTCTGA,Healthy v. Sick,
69-001-80,AF11U,J16623,16S,ST,728,D710,TCCGCGAA,D501,TATAGCCT,Healthy v. Sick,
69-001-80-R,AF11U,J16657,16S,NP,728,D708,TAATGCGC,D504,GGCTCTGA,Healthy v. Sick,
69-001-82,ACNUP,J08496,16S,ST,759,D701,ATTACTCG,D501,TATAGCCT,Fiber,
69-001-83,ACNUP,J08497,16S,ST,796,D702,TCCGGAGA,D501,TATAGCCT,Fiber,
69-001-83,AF11U,J16624,16S,ST,796,D711,TCTCGCGC,D501,TATAGCCT,Healthy v. Sick,
69-001-83-R,AF11U,J16656,16S,NP,796,D707,CTGAAGCT,D504,GGCTCTGA,Healthy v. Sick,
69-001-84,AF11U,J16625,16S,ST,811,D712,AGCGATAG,D501,TATAGCCT,Healthy v. Sick,
69-001-84b,AF11U,J16626,16S,ST,811,D701,ATTACTCG,D502,ATAGAGGC,Healthy v. Sick,
69-001-84b-R,AF11U,J16640,16S,NP,811,D703,CGCTCATT,D503,CCTATCCT,Over-Feeding,
69-010-1014,ADM3N,J14387,16S,NP,0,D710,TCCGCGAA,D506,TAATCTTA,Healthy v. Sick,
69-010-1014,ADM3N,J14424,16S,ST,0,D709,CGGCTATG,D503,CCTATCCT,Healthy v. Sick,
69-010-1015,ADM3N,J14388,16S,NP,14,D711,TCTCGCGC,D506,TAATCTTA,Healthy v. Sick,
69-010-1015,ADM3N,J14425,16S,ST,14,D710,TCCGCGAA,D503,CCTATCCT,Healthy v. Sick,
69-016-01,ADM3N,J14374,16S,ST,0,D708,TAATGCGC,D502,ATAGAGGC,Healthy v. Sick,
69-016-02,ADM3N,J14375,16S,NP,96,D704,GAGATTCC,D506,TAATCTTA,Healthy v. Sick,
69-016-02,ADM3N,J14418,16S,ST,96,D709,CGGCTATG,D502,ATAGAGGC,Healthy v. Sick,
69-016-03,ADM3N,J14376,16S,NP,187,D705,ATTCAGAA,D506,TAATCTTA,Healthy v. Sick,
69-016-03,ADM3N,J14419,16S,ST,187,D710,TCCGCGAA,D502,ATAGAGGC,Healthy v. Sick,
69-016-1012,ADM3N,J14377,16S,NP,275,D706,GAATTCGT,D506,TAATCTTA,Healthy v. Sick,
69-016-1012,ADM3N,J14420,16S,ST,275,D711,TCTCGCGC,D502,ATAGAGGC,Healthy v. Sick,
69-016-1013,ADM3N,J14378,16S,NP,287,D707,CTGAAGCT,D506,TAATCTTA,Healthy v. Sick,
69-016-1013,ADM3N,J14421,16S,ST,287,D712,AGCGATAG,D502,ATAGAGGC,Over-Feeding,
69-016-1014,ADM3N,J14379,16S,NP,297,D708,TAATGCGC,D506,TAATCTTA,Healthy v. Sick,
69-016-1014,ADM3N,J14422,16S,ST,297,D701,ATTACTCG,D503,CCTATCCT,Over-Feeding,
69-016-1015,ADM3N,J14380,16S,NP,311,D709,CGGCTATG,D506,TAATCTTA,Healthy v. Sick,
69-016-1015,ADM3N,J14423,16S,ST,311,D702,TCCGGAGA,D503,CCTATCCT,Over-Feeding,
69-023-01,AA31J,J38335,16S,ST,0,D705,ATTCAGAA,D501,TATAGCCT,Healthy v. Sick,
69-023-01,AAH7B,J38336,16S,NP,0,D701,ATTACTCG,D503,CCTATCCT,Healthy v. Sick,
69-023-03,AAH7B,J38337,16S,NP,219,D701,ATTACTCG,D504,GGCTCTGA,Healthy v. Sick,
69-023-03,AAH7B,J38338,16S,ST,219,D707,CTGAAGCT,D504,GGCTCTGA,Healthy v. Sick,
69-023-1011,AA31J,J38339,16S,ST,91,D704,GAGATTCC,D508,GTACTGAC,Healthy v. Sick,
69-023-1011,AAH7B,J38340,16S,NP,91,D701,ATTACTCG,D505,AGGCGAAG,Healthy v. Sick,
69-023-1012,AA31J,J38341,16S,ST,93,D704,GAGATTCC,D507,CAGGACGT,Healthy v. Sick,
69-023-1012,AAH7B,J38342,16S,NP,93,D701,ATTACTCG,D506,TAATCTTA,Healthy v. Sick,
69-023-1013,AA31J,J38343,16S,ST,99,D704,GAGATTCC,D506,TAATCTTA,Healthy v. Sick,
69-023-1013,AAH7B,J38344,16S,NP,99,D701,ATTACTCG,D507,CAGGACGT,Healthy v. Sick,
69-023-1014,AA31J,J38345,16S,ST,112,D704,GAGATTCC,D505,AGGCGAAG,Healthy v. Sick,
69-023-1014,AAH7B,J38346,16S,NP,112,D701,ATTACTCG,D508,GTACTGAC,Healthy v. Sick,
69-023-1015,AA31J,J38347,16S,ST,128,D704,GAGATTCC,D504,GGCTCTGA,Healthy v. Sick,
69-023-1015X,AA31J,J38348,16S,ST,128,D710,TCCGCGAA,D502,ATAGAGGC,Healthy v. Sick,
69-027-01,AA31J,J38349,16S,ST,0,D712,AGCGATAG,D508,GTACTGAC,Over-Feeding,
69-027-02,AA31J,J38350,16S,ST,85,D712,AGCGATAG,D507,CAGGACGT,Over-Feeding,
69-027-03,AA31J,J38351,16S,ST,183,D712,AGCGATAG,D506,TAATCTTA,Over-Feeding,
69-027-04,AAH7B,J38352,16S,ST,260,D707,CTGAAGCT,D505,AGGCGAAG,Healthy v. Sick,
69-031-01,AA31J,J38353,16S,ST,0,D704,GAGATTCC,D503,CCTATCCT,Healthy v. Sick,
69-031-01,AAH7B,J38354,16S,NP,0,D702,TCCGGAGA,D502,ATAGAGGC,Healthy v. Sick,
69-031-02,AA31J,J38355,16S,ST,89,D704,GAGATTCC,D502,ATAGAGGC,Healthy v. Sick,
69-031-02,AAH7B,J38356,16S,NP,89,D702,TCCGGAGA,D503,CCTATCCT,Healthy v. Sick,
69-031-04,ADM3N,J14381,16S,NP,274,D701,ATTACTCG,D506,TAATCTTA,Healthy v. Sick,
69-031-04,ADM3N,J14415,16S,ST,274,D703,CGCTCATT,D503,CCTATCCT,Over-Feeding,
69-031-05,ADM3N,J14382,16S,NP,370,D702,TCCGGAGA,D506,TAATCTTA,Healthy v. Sick,
69-031-05,ADM3N,J14416,16S,ST,370,D704,GAGATTCC,D503,CCTATCCT,Healthy v. Sick,
69-031-1011,ADM3N,J14383,16S,ST,148,D705,ATTCAGAA,D503,CCTATCCT,Healthy v. Sick,
69-031-1011,AAH7B,J38357,16S,NP,148,D702,TCCGGAGA,D504,GGCTCTGA,Healthy v. Sick,
69-031-1012,ADM3N,J14384,16S,ST,150,D706,GAATTCGT,D503,CCTATCCT,Healthy v. Sick,
69-031-1012,AAH7B,J38358,16S,NP,150,D702,TCCGGAGA,D505,AGGCGAAG,Healthy v. Sick,
69-031-1013,AA31J,J38359,16S,ST,154,D704,GAGATTCC,D501,TATAGCCT,Healthy v. Sick,
69-031-1013,AAH7B,J38360,16S,NP,154,D702,TCCGGAGA,D506,TAATCTTA,Healthy v. Sick,
69-031-1014,AA31J,J38361,16S,ST,168,D706,GAATTCGT,D502,ATAGAGGC,Healthy v. Sick,
69-031-1014,AAH7B,J38362,16S,NP,168,D702,TCCGGAGA,D507,CAGGACGT,Healthy v. Sick,
69-032-01,AA31J,J38363,16S,ST,0,D712,AGCGATAG,D505,AGGCGAAG,Over-Feeding,
69-032-02,AA31J,J38364,16S,ST,53,D712,AGCGATAG,D504,GGCTCTGA,Over-Feeding,
69-032-03,AA31J,J38365,16S,ST,147,D712,AGCGATAG,D503,CCTATCCT,Over-Feeding,
69-032-04,AA31J,J38366,16S,ST,233,D712,AGCGATAG,D502,ATAGAGGC,Over-Feeding,
69-033-01,AA31J,J38367,16S,ST,0,D710,TCCGCGAA,D508,GTACTGAC,Over-Feeding,
69-033-02,AA31J,J38368,16S,ST,37,D710,TCCGCGAA,D507,CAGGACGT,Over-Feeding,
69-033-03,AA31J,J38369,16S,ST,168,D710,TCCGCGAA,D506,TAATCTTA,Over-Feeding,
69-033-04,AAH7B,J38370,16S,ST,282,D707,CTGAAGCT,D506,TAATCTTA,Healthy v. Sick,
69-035-01,AA31J,J38371,16S,ST,0,D712,AGCGATAG,D501,TATAGCCT,Over-Feeding,
69-035-02,AA31J,J38372,16S,ST,36,D711,TCTCGCGC,D508,GTACTGAC,Over-Feeding,
69-035-04,AA31J,J38373,16S,ST,169,D711,TCTCGCGC,D507,CAGGACGT,Over-Feeding,
69-035-05,ADM3N,J14355,16S,ST,253,D701,ATTACTCG,D501,TATAGCCT,Healthy v. Sick,
69-035-07,ADM3N,J14356,16S,ST,359,D702,TCCGGAGA,D501,TATAGCCT,Healthy v. Sick,
69-036-01,AA31J,J38374,16S,ST,0,D706,GAATTCGT,D501,TATAGCCT,Healthy v. Sick,
69-036-01,AAH7B,J38375,16S,NP,5,D702,TCCGGAGA,D508,GTACTGAC,Healthy v. Sick,
69-036-01X,AA31J,J38376,16S,ST,0,D709,CGGCTATG,D508,GTACTGAC,Healthy v. Sick,
69-036-04,AA31J,J38377,16S,ST,168,D705,ATTCAGAA,D508,GTACTGAC,Healthy v. Sick,
69-036-04,ADM3N,J38378,16S,NP,168,D703,CGCTCATT,D506,TAATCTTA,Healthy v. Sick,
69-036-04,ADM3N,J14385,16S,ST,252,D707,CTGAAGCT,D503,CCTATCCT,Healthy v. Sick,
69-036-04,AAH7B,J14417,16S,NP,252,D703,CGCTCATT,D501,TATAGCCT,Healthy v. Sick,
69-036-1011,AA31J,J38379,16S,ST,34,D705,ATTCAGAA,D507,CAGGACGT,Healthy v. Sick,
69-036-1011,AAH7B,J38380,16S,NP,35,D703,CGCTCATT,D502,ATAGAGGC,Healthy v. Sick,
69-036-1012,AAH7B,J38381,16S,NP,36,D703,CGCTCATT,D503,CCTATCCT,Healthy v. Sick,
69-036-1013,AA31J,J38382,16S,ST,54,D705,ATTCAGAA,D506,TAATCTTA,Healthy v. Sick,
69-036-1013,AAH7B,J38383,16S,NP,54,D703,CGCTCATT,D504,GGCTCTGA,Healthy v. Sick,
69-036-1014,ADM3N,J14386,16S,ST,54,D708,TAATGCGC,D503,CCTATCCT,Healthy v. Sick,
69-036-1015,AA31J,J38384,16S,ST,70,D705,ATTCAGAA,D505,AGGCGAAG,Healthy v. Sick,
69-036-1015,AAH7B,J38385,16S,NP,70,D703,CGCTCATT,D505,AGGCGAAG,Healthy v. Sick,
69-037-01,AA31J,J38386,16S,ST,0,D705,ATTCAGAA,D504,GGCTCTGA,Healthy v. Sick,
69-037-01,AAH7B,J38387,16S,NP,0,D703,CGCTCATT,D506,TAATCTTA,Healthy v. Sick,
69-037-03,AAH7B,J38388,16S,NP,145,D703,CGCTCATT,D507,CAGGACGT,Over-Feeding,
69-037-03,AAH7B,J38389,16S,ST,159,D707,CTGAAGCT,D507,CAGGACGT,Over-Feeding,
69-037-1011,AAH7B,J38390,16S,NP,24,D703,CGCTCATT,D508,GTACTGAC,Healthy v. Sick,
69-037-1011,AAH7B,J38391,16S,ST,24,D707,CTGAAGCT,D508,GTACTGAC,Over-Feeding,
69-037-1012,AAH7B,J38392,16S,NP,40,D704,GAGATTCC,D501,TATAGCCT,Healthy v. Sick,
69-037-1012,AAH7B,J38393,16S,ST,40,D708,TAATGCGC,D501,TATAGCCT,Healthy v. Sick,
69-037-1013,AA31J,J38394,16S,ST,54,D705,ATTCAGAA,D503,CCTATCCT,Healthy v. Sick,
69-037-1013,AAH7B,J38395,16S,NP,54,D704,GAGATTCC,D502,ATAGAGGC,Healthy v. Sick,
69-037-1021,ADM3N,J14400,16S,NP,221,D712,AGCGATAG,D506,TAATCTTA,Healthy v. Sick,
69-037-1021,ADM3N,J14426,16S,ST,221,D710,TCCGCGAA,D504,GGCTCTGA,Healthy v. Sick,
69-037-1023,ADM3N,J14401,16S,NP,224,D701,ATTACTCG,D507,CAGGACGT,Healthy v. Sick,
69-037-1023,ADM3N,J14427,16S,ST,224,D711,TCTCGCGC,D504,GGCTCTGA,Healthy v. Sick,
69-037-1025,ADM3N,J14402,16S,NP,256,D702,TCCGGAGA,D507,CAGGACGT,Healthy v. Sick,
69-037-1025,ADM3N,J14428,16S,ST,256,D712,AGCGATAG,D504,GGCTCTGA,Healthy v. Sick,
69-039-01,AA31J,J38396,16S,ST,0,D705,ATTCAGAA,D502,ATAGAGGC,Healthy v. Sick,
69-039-01,AAH7B,J38397,16S,NP,0,D704,GAGATTCC,D503,CCTATCCT,Healthy v. Sick,
69-039-02,AAH7B,J38398,16S,NP,43,D704,GAGATTCC,D504,GGCTCTGA,Healthy v. Sick,
69-039-03,AA31J,J38399,16S,ST,196,D707,CTGAAGCT,D501,TATAGCCT,Healthy v. Sick,
69-039-03,AAH7B,J38400,16S,NP,196,D704,GAGATTCC,D505,AGGCGAAG,Healthy v. Sick,
69-039-1011,AA31J,J38401,16S,ST,65,D706,GAATTCGT,D508,GTACTGAC,Healthy v. Sick,
69-039-1011,AAH7B,J38402,16S,NP,65,D704,GAGATTCC,D506,TAATCTTA,Over-Feeding,
69-039-1012,AAH7B,J38403,16S,NP,67,D704,GAGATTCC,D507,CAGGACGT,Healthy v. Sick,
69-043-01,ADM3N,J14403,16S,NP,0,D703,CGCTCATT,D507,CAGGACGT,Healthy v. Sick,
69-043-01,ADM3N,J14429,16S,ST,0,D701,ATTACTCG,D505,AGGCGAAG,Healthy v. Sick,
69-043-02,ADM3N,J14404,16S,NP,96,D704,GAGATTCC,D507,CAGGACGT,Healthy v. Sick,
69-043-02,ADM3N,J14430,16S,ST,96,D702,TCCGGAGA,D505,AGGCGAAG,Healthy v. Sick,
69-043-1023,ADM3N,J14405,16S,NP,189,D705,ATTCAGAA,D507,CAGGACGT,Healthy v. Sick,
69-043-1023,ADM3N,J14431,16S,ST,189,D703,CGCTCATT,D505,AGGCGAAG,Healthy v. Sick,
69-043-1024,ADM3N,J14406,16S,NP,201,D706,GAATTCGT,D507,CAGGACGT,Healthy v. Sick,
69-043-1024,ADM3N,J14432,16S,ST,201,D704,GAGATTCC,D505,AGGCGAAG,Healthy v. Sick,
69-046-01,AELNK,J15249,16S,ST,0,D701,ATTACTCG,D505,AGGCGAAG,Over-Feeding,
69-046-02,AELNK,J15250,16S,ST,63,D702,TCCGGAGA,D505,AGGCGAAG,Over-Feeding,
69-046-03,AELNK,J15251,16S,ST,215,D703,CGCTCATT,D505,AGGCGAAG,Over-Feeding,
69-046-04,AELNK,J15252,16S,ST,328,D704,GAGATTCC,D505,AGGCGAAG,Over-Feeding,
69-048-02,ADM3N,J14357,16S,ST,0,D703,CGCTCATT,D501,TATAGCCT,Healthy v. Sick,
69-048-03,ADM3N,J14358,16S,ST,103,D704,GAGATTCC,D501,TATAGCCT,Healthy v. Sick,
69-048-04,ADM3N,J14359,16S,ST,187,D705,ATTCAGAA,D501,TATAGCCT,Healthy v. Sick,
69-049-02,ADM3N,J14360,16S,ST,0,D706,GAATTCGT,D501,TATAGCCT,Healthy v. Sick,
69-053-01,ADM3N,J14389,16S,NP,0,D701,ATTACTCG,D508,GTACTGAC,Healthy v. Sick,
69-053-01,ADM3N,J14439,16S,ST,0,D711,TCTCGCGC,D503,CCTATCCT,Healthy v. Sick,
69-053-1011,ADM3N,J14390,16S,NP,71,D702,TCCGGAGA,D508,GTACTGAC,Healthy v. Sick,
69-053-1011,ADM3N,J14440,16S,ST,71,D712,AGCGATAG,D503,CCTATCCT,Healthy v. Sick,
69-053-1012,ADM3N,J14391,16S,NP,76,D703,CGCTCATT,D508,GTACTGAC,Healthy v. Sick,
69-053-1012,ADM3N,J14441,16S,ST,76,D701,ATTACTCG,D504,GGCTCTGA,Healthy v. Sick,
69-053-1014,ADM3N,J14392,16S,NP,90,D704,GAGATTCC,D508,GTACTGAC,Healthy v. Sick,
69-053-1014,ADM3N,J14442,16S,ST,91,D702,TCCGGAGA,D504,GGCTCTGA,Healthy v. Sick,
69-057-01,AELNK,J15266,16S,ST,0,D706,GAATTCGT,D506,TAATCTTA,Over-Feeding,
69-057-02,AELNK,J15267,16S,ST,79,D707,CTGAAGCT,D506,TAATCTTA,Over-Feeding,
69-058-01,AELNK,J15253,16S,ST,0,D705,ATTCAGAA,D505,AGGCGAAG,Over-Feeding,
69-058-02,AELNK,J15254,16S,ST,56,D706,GAATTCGT,D505,AGGCGAAG,Over-Feeding,
69-058-03,AELNK,J15255,16S,ST,77,D707,CTGAAGCT,D505,AGGCGAAG,Over-Feeding,
69-058-04,AF11U,J16638,16S,ST,947,D701,ATTACTCG,D503,CCTATCCT,Healthy v. Sick,
69-060-01,AELNK,J15256,16S,ST,0,D708,TAATGCGC,D505,AGGCGAAG,Over-Feeding,
69-060-02,AELNK,J15257,16S,ST,40,D709,CGGCTATG,D505,AGGCGAAG,Over-Feeding,
69-060-03,AELNK,J15258,16S,ST,161,D710,TCCGCGAA,D505,AGGCGAAG,Over-Feeding,
69-063-02,ACNUP,J08515,16S,ST,68,D708,TAATGCGC,D502,ATAGAGGC,Fiber,
69-063-02,ADM3N,J14393,16S,NP,68,D707,CTGAAGCT,D507,CAGGACGT,Healthy v. Sick,
69-063-02,ADM3N,J14433,16S,ST,68,D703,CGCTCATT,D504,GGCTCTGA,Healthy v. Sick,
69-063-1011,ADM3N,J14394,16S,NP,0,D708,TAATGCGC,D507,CAGGACGT,Over-Feeding,
69-063-1011,ADM3N,J14434,16S,ST,0,D704,GAGATTCC,D504,GGCTCTGA,Healthy v. Sick,
69-063-1012,ADM3N,J14395,16S,ST,0,D705,ATTCAGAA,D504,GGCTCTGA,Healthy v. Sick,
69-063-1013,ADM3N,J14396,16S,NP,5,D709,CGGCTATG,D507,CAGGACGT,Over-Feeding,
69-063-1013,ADM3N,J14435,16S,ST,5,D706,GAATTCGT,D504,GGCTCTGA,Healthy v. Sick,
69-063-1014,ADM3N,J14397,16S,NP,19,D710,TCCGCGAA,D507,CAGGACGT,Healthy v. Sick,
69-063-1014X,ADM3N,J14436,16S,ST,19,D707,CTGAAGCT,D504,GGCTCTGA,Healthy v. Sick,
69-063-1015,ADM3N,J14398,16S,NP,33,D711,TCTCGCGC,D507,CAGGACGT,Healthy v. Sick,
69-063-1015,ADM3N,J14437,16S,ST,33,D708,TAATGCGC,D504,GGCTCTGA,Healthy v. Sick,
69-063-1022,ADM3N,J14399,16S,NP,23,D712,AGCGATAG,D507,CAGGACGT,Healthy v. Sick,
69-063-1022,ADM3N,J14438,16S,ST,23,D709,CGGCTATG,D504,GGCTCTGA,Healthy v. Sick,
69-063-6012,ACNUP,J08516,16S,ST,75,D709,CGGCTATG,D502,ATAGAGGC,Fiber,
69-063-6013,ACNUP,J08517,16S,ST,82,D710,TCCGCGAA,D502,ATAGAGGC,Fiber,
69-063-6014,ACNUP,J08518,16S,ST,89,D711,TCTCGCGC,D502,ATAGAGGC,Fiber,
69-063-6015,ACNUP,J08519,16S,ST,92,D712,AGCGATAG,D502,ATAGAGGC,Fiber,
69-063-6016,ACNUP,J08520,16S,ST,99,D701,ATTACTCG,D503,CCTATCCT,Fiber,
69-064-01,AELNK,J15262,16S,ST,0,D702,TCCGGAGA,D506,TAATCTTA,Over-Feeding,
69-064-02,AELNK,J15263,16S,ST,36,D703,CGCTCATT,D506,TAATCTTA,Over-Feeding,
69-065-01,AELNK,J15264,16S,ST,0,D704,GAGATTCC,D506,TAATCTTA,Over-Feeding,
69-065-02,AELNK,J15265,16S,ST,41,D705,ATTCAGAA,D506,TAATCTTA,Over-Feeding,
69-065-03,AF11U,J16639,16S,ST,932,D702,TCCGGAGA,D503,CCTATCCT,Healthy v. Sick,
69-068-01,AELNK,J15259,16S,ST,0,D711,TCTCGCGC,D505,AGGCGAAG,Over-Feeding,
69-068-02,AELNK,J15260,16S,ST,27,D712,AGCGATAG,D505,AGGCGAAG,Over-Feeding,
69-068-03,AELNK,J15261,16S,ST,105,D701,ATTACTCG,D506,TAATCTTA,Over-Feeding,
69-1005-05X,AA31J,J38404,16S,ST,0,D710,TCCGCGAA,D501,TATAGCCT,Healthy v. Sick,
70-1004-05,AA31J,J38405,16S,ST,0,D706,GAATTCGT,D507,CAGGACGT,Healthy v. Sick,
70-1004-05,AAH7B,J38406,16S,NP,0,D704,GAGATTCC,D508,GTACTGAC,Healthy v. Sick,
70-1004-07,AA31J,J38407,16S,ST,142,D706,GAATTCGT,D506,TAATCTTA,Healthy v. Sick,
70-1004-07,AAH7B,J38408,16S,NP,142,D705,ATTCAGAA,D501,TATAGCCT,Healthy v. Sick,
70-1004-08,ADM3N,J14366,16S,NP,233,D705,ATTCAGAA,D505,AGGCGAAG,Healthy v. Sick,
70-1004-08,ADM3N,J14407,16S,ST,237,D712,AGCGATAG,D501,TATAGCCT,Healthy v. Sick,
70-1004-09,ADM3N,J14367,16S,NP,330,D706,GAATTCGT,D505,AGGCGAAG,Healthy v. Sick,
70-1004-09,ADM3N,J14408,16S,ST,330,D701,ATTACTCG,D502,ATAGAGGC,Healthy v. Sick,
70-1004-1011,AAH7B,J38409,16S,NP,39,D705,ATTCAGAA,D502,ATAGAGGC,Healthy v. Sick,
70-1004-1012,AA31J,J38410,16S,ST,42,D706,GAATTCGT,D505,AGGCGAAG,Healthy v. Sick,
70-1004-1012,AAH7B,J38411,16S,NP,42,D705,ATTCAGAA,D503,CCTATCCT,Healthy v. Sick,
70-1004-1013,AA31J,J38412,16S,ST,44,D706,GAATTCGT,D504,GGCTCTGA,Healthy v. Sick,
70-1004-1013,AAH7B,J38413,16S,NP,44,D705,ATTCAGAA,D504,GGCTCTGA,Healthy v. Sick,
70-1004-1014,AA31J,J38414,16S,ST,51,D706,GAATTCGT,D503,CCTATCCT,Healthy v. Sick,
70-1004-1014,AAH7B,J38415,16S,NP,51,D705,ATTCAGAA,D505,AGGCGAAG,Healthy v. Sick,
70-1005-03,AA31J,J38416,16S,ST,0,D709,CGGCTATG,D507,CAGGACGT,Healthy v. Sick,
70-1005-04,AA31J,J38417,16S,ST,157,D709,CGGCTATG,D506,TAATCTTA,Healthy v. Sick,
70-1005-05,AA31J,J38418,16S,ST,248,D709,CGGCTATG,D505,AGGCGAAG,Healthy v. Sick,
70-1005-05,AAH7B,J38419,16S,NP,248,D705,ATTCAGAA,D506,TAATCTTA,Healthy v. Sick,
70-1005-06,AA31J,J38420,16S,ST,339,D709,CGGCTATG,D504,GGCTCTGA,Healthy v. Sick,
70-1005-06,AAH7B,J38421,16S,NP,339,D705,ATTCAGAA,D507,CAGGACGT,Healthy v. Sick,
70-1005-07,AAH7B,J38422,16S,ST,430,D708,TAATGCGC,D502,ATAGAGGC,Healthy v. Sick,
70-1005-09,ADM3N,J14368,16S,NP,592,D707,CTGAAGCT,D505,AGGCGAAG,Healthy v. Sick,
70-1005-09,ADM3N,J14409,16S,ST,592,D702,TCCGGAGA,D502,ATAGAGGC,Healthy v. Sick,
70-1005-1012,AA31J,J38423,16S,ST,375,D709,CGGCTATG,D503,CCTATCCT,Healthy v. Sick,
70-1005-1012,AAH7B,J38424,16S,NP,377,D705,ATTCAGAA,D508,GTACTGAC,Healthy v. Sick,
70-1005-1013,AA31J,J38425,16S,ST,381,D709,CGGCTATG,D502,ATAGAGGC,Healthy v. Sick,
70-1005-1013,AAH7B,J38426,16S,NP,381,D706,GAATTCGT,D501,TATAGCCT,Healthy v. Sick,
70-1005-1022,ADM3N,J14369,16S,NP,479,D708,TAATGCGC,D505,AGGCGAAG,Healthy v. Sick,
70-1005-1022,ADM3N,J14410,16S,ST,479,D703,CGCTCATT,D502,ATAGAGGC,Healthy v. Sick,
70-1005-1023,ADM3N,J14370,16S,NP,481,D709,CGGCTATG,D505,AGGCGAAG,Healthy v. Sick,
70-1005-1023,ADM3N,J14411,16S,ST,481,D704,GAGATTCC,D502,ATAGAGGC,Healthy v. Sick,
70-1005-1024,ADM3N,J14371,16S,NP,484,D710,TCCGCGAA,D505,AGGCGAAG,Healthy v. Sick,
70-1005-1024,ADM3N,J14412,16S,ST,484,D705,ATTCAGAA,D502,ATAGAGGC,Healthy v. Sick,
70-1005-1025,ADM3N,J14372,16S,NP,500,D711,TCTCGCGC,D505,AGGCGAAG,Healthy v. Sick,
70-1005-1025,ADM3N,J14413,16S,ST,500,D706,GAATTCGT,D502,ATAGAGGC,Healthy v. Sick,
70-1008-01,AA31J,J38427,16S,ST,0,D709,CGGCTATG,D501,TATAGCCT,Over-Feeding,
70-1008-02,AA31J,J38428,16S,ST,37,D708,TAATGCGC,D508,GTACTGAC,Over-Feeding,
70-1008-03,AA31J,J38429,16S,ST,97,D708,TAATGCGC,D507,CAGGACGT,Over-Feeding,
70-1008-04,AA31J,J38430,16S,ST,189,D708,TAATGCGC,D506,TAATCTTA,Over-Feeding,
70-1008-04,AAH7B,J38431,16S,NP,189,D706,GAATTCGT,D502,ATAGAGGC,Healthy v. Sick,
70-1008-06,AA31J,J38432,16S,ST,399,D708,TAATGCGC,D505,AGGCGAAG,Healthy v. Sick,
70-1008-06,AAH7B,J38433,16S,NP,399,D706,GAATTCGT,D503,CCTATCCT,Healthy v. Sick,
70-1008-07,ADM3N,J14361,16S,NP,490,D712,AGCGATAG,D505,AGGCGAAG,Healthy v. Sick,
70-1008-07,ADM3N,J14373,16S,ST,490,D707,CTGAAGCT,D501,TATAGCCT,Healthy v. Sick,
70-1008-07,ADM3N,J14414,16S,ST,490,D707,CTGAAGCT,D502,ATAGAGGC,Over-Feeding,
70-1008-1012,AA31J,J38434,16S,ST,278,D708,TAATGCGC,D504,GGCTCTGA,Healthy v. Sick,
70-1008-1012,AAH7B,J38435,16S,NP,278,D706,GAATTCGT,D504,GGCTCTGA,Healthy v. Sick,
70-1008-1013,AA31J,J38436,16S,ST,280,D708,TAATGCGC,D503,CCTATCCT,Healthy v. Sick,
70-1008-1013,AAH7B,J38437,16S,NP,280,D706,GAATTCGT,D505,AGGCGAAG,Healthy v. Sick,
70-1008-1014,AA31J,J38438,16S,ST,294,D708,TAATGCGC,D502,ATAGAGGC,Healthy v. Sick,
70-1008-1014,AAH7B,J38439,16S,NP,294,D706,GAATTCGT,D506,TAATCTTA,Healthy v. Sick,
70-1008-1015,AA31J,J38440,16S,ST,308,D708,TAATGCGC,D501,TATAGCCT,Healthy v. Sick,
70-1008-1015,AAH7B,J38441,16S,NP,308,D706,GAATTCGT,D507,CAGGACGT,Healthy v. Sick,
70-1010-01,AA31J,J38442,16S,ST,0,D711,TCTCGCGC,D506,TAATCTTA,Over-Feeding,
70-1010-02,AA31J,J38443,16S,ST,75,D711,TCTCGCGC,D505,AGGCGAAG,Over-Feeding,
70-1010-04,AA31J,J38444,16S,ST,341,D711,TCTCGCGC,D504,GGCTCTGA,Over-Feeding,
70-1010-05,ADM3N,J14362,16S,ST,439,D708,TAATGCGC,D501,TATAGCCT,Over-Feeding,
70-1010-05,AAH7B,J38445,16S,ST,439,D708,TAATGCGC,D503,CCTATCCT,Healthy v. Sick,
70-1011-01,AAH7B,J38446,16S,ST,0,D708,TAATGCGC,D504,GGCTCTGA,Healthy v. Sick,
70-1011-02,AA31J,J38447,16S,ST,35,D711,TCTCGCGC,D503,CCTATCCT,Over-Feeding,
70-1011-03,AA31J,J38448,16S,ST,140,D711,TCTCGCGC,D502,ATAGAGGC,Over-Feeding,
70-1011-04,AA31J,J38449,16S,ST,222,D711,TCTCGCGC,D501,TATAGCCT,Over-Feeding,
70-1011-05,ADM3N,J14363,16S,ST,339,D709,CGGCTATG,D501,TATAGCCT,Over-Feeding,
70-1011-06,ADM3N,J14364,16S,ST,433,D710,TCCGCGAA,D501,TATAGCCT,Over-Feeding,
70-1012-01,AA31J,J38450,16S,ST,0,D707,CTGAAGCT,D508,GTACTGAC,Over-Feeding,
70-1012-02,AA31J,J38451,16S,ST,42,D707,CTGAAGCT,D507,CAGGACGT,Over-Feeding,
70-1012-03,AA31J,J38452,16S,ST,93,D707,CTGAAGCT,D506,TAATCTTA,Over-Feeding,
70-1012-05,AA31J,J38453,16S,ST,308,D707,CTGAAGCT,D505,AGGCGAAG,Healthy v. Sick,
70-1012-05,AAH7B,J38454,16S,NP,308,D706,GAATTCGT,D508,GTACTGAC,Healthy v. Sick,
70-1012-06,ADM3N,J14365,16S,ST,432,D711,TCTCGCGC,D501,TATAGCCT,Over-Feeding,
70-1012-2001,AA31J,J38455,16S,ST,189,D707,CTGAAGCT,D504,GGCTCTGA,Healthy v. Sick,
70-1012-2001,AAH7B,J38456,16S,NP,189,D707,CTGAAGCT,D501,TATAGCCT,Healthy v. Sick,
70-1012-2002,AA31J,J38457,16S,ST,195,D707,CTGAAGCT,D503,CCTATCCT,Healthy v. Sick,
70-1012-2002,AAH7B,J38458,16S,NP,195,D707,CTGAAGCT,D502,ATAGAGGC,Healthy v. Sick,
70-1012-2013,AA31J,J38459,16S,ST,205,D707,CTGAAGCT,D502,ATAGAGGC,Healthy v. Sick,
70-1012-2013,AAH7B,J38460,16S,NP,205,D707,CTGAAGCT,D503,CCTATCCT,Healthy v. Sick,
70-1015-01,AA31J,J38461,16S,ST,0,D710,TCCGCGAA,D505,AGGCGAAG,Over-Feeding,
70-1015-02,AA31J,J38462,16S,ST,59,D710,TCCGCGAA,D504,GGCTCTGA,Over-Feeding,
70-1015-04,AA31J,J38463,16S,ST,219,D710,TCCGCGAA,D503,CCTATCCT,Over-Feeding,
