sample_id,HMP2-16S-nasal-54N
adapters,
experimental_factor,
findex,
isol_growth_condt,
investigation_type,metagenome
lib_const_meth,paired end 16S 454 Amp protocol
lib_reads_seqd,
lib_size,700 bp
lib_vector,
nucl_acid_amp,
nucl_acid_ext,
pcr_cond,initial denaturation: 95C_2min; [denaturation: 95C_20sec; anealing: 56C_30sec; extension: 72C_5min]-30 cycles: hold: 4C
pcr_primers,"[ CAAGCAGAAGACGGCATACGAGATCATAGCCGGTGACTGGAGTTCAGACGTGTGCTCTTCCGATCTATTACCGCGGCTGCTGG, AATGATACGGCGACCACCGAGATCTACACAGGCGAAGACACTCTTTCCCTACACGACGCTCTTCCGATCTAGAGTTTGATCCTGGCTCAG ]"
rel_to_oxygen,
rindex,
samp_size,
seq_meth,nextgen
sop,
target_gene,16S rRNA
target_subfragment,V1-V3
,
sample_id,HMP2-16S-stool-54ST
adapters,
experimental_factor,
findex,
isol_growth_condt,
investigation_type,metagenome
lib_const_meth,paired end 16S 454 Amp protocol
lib_reads_seqd,
lib_size,700 bp
lib_vector,
nucl_acid_amp,
nucl_acid_ext,
pcr_cond,initial denaturation: 95C_2min; [denaturation: 95C_20sec; anealing: 56C_30sec; extension: 72C_5min]-30 cycles: hold: 4C
pcr_primers,"[ CAAGCAGAAGACGGCATACGAGATCATAGCCGGTGACTGGAGTTCAGACGTGTGCTCTTCCGATCTATTACCGCGGCTGCTGG, AATGATACGGCGACCACCGAGATCTACACTAATCTTAACACTCTTTCCCTACACGACGCTCTTCCGATCTAGAGTTTGATCCTGGCTCAG ]"
rel_to_oxygen,
rindex,
samp_size,
seq_meth,nextgen
sop,
target_gene,16S rRNA
target_subfragment,V1-V3
,
sample_id,HMP2-16S-nasal-58bN
adapters,
experimental_factor,
findex,
isol_growth_condt,
investigation_type,metagenome
lib_const_meth,paired end 16S 454 Amp protocol
lib_reads_seqd,
lib_size,700 bp
lib_vector,
nucl_acid_amp,
nucl_acid_ext,
pcr_cond,initial denaturation: 95C_2min; [denaturation: 95C_20sec; anealing: 56C_30sec; extension: 72C_5min]-30 cycles: hold: 4C
pcr_primers,"[ CAAGCAGAAGACGGCATACGAGATTTCGCGGAGTGACTGGAGTTCAGACGTGTGCTCTTCCGATCTATTACCGCGGCTGCTGG, AATGATACGGCGACCACCGAGATCTACACCAGGACGTACACTCTTTCCCTACACGACGCTCTTCCGATCTAGAGTTTGATCCTGGCTCAG ]"
rel_to_oxygen,
rindex,
samp_size,
seq_meth,nextgen
sop,
target_gene,16S rRNA
target_subfragment,V1-V3
,


sample_id,HMP2-16S-stool-58bST
adapters,
experimental_factor,
findex,
isol_growth_condt,
investigation_type,metagenome
lib_const_meth,paired end 16S 454 Amp protocol
lib_reads_seqd,
lib_size,700 bp
lib_vector,
nucl_acid_amp,
nucl_acid_ext,
pcr_cond,initial denaturation: 95C_2min; [denaturation: 95C_20sec; anealing: 56C_30sec; extension: 72C_5min]-30 cycles: hold: 4C
pcr_primers,,"[ CAAGCAGAAGACGGCATACGAGATTTCGCGGAGTGACTGGAGTTCAGACGTGTGCTCTTCCGATCTATTACCGCGGCTGCTGG, AATGATACGGCGACCACCGAGATCTACACGTACTGACACACTCTTTCCCTACACGACGCTCTTCCGATCTAGAGTTTGATCCTGGCTCAG ]"
rel_to_oxygen,
rindex,
samp_size,
seq_meth,nextgen
sop,
target_gene,16S rRNA
target_subfragment,V1-V3
